DROP DATABASE IF EXISTS `chickenjoy`;
CREATE DATABASE `chickenjoy` DEFAULT CHARACTER SET utf8mb4 COLLATE utf8mb4_unicode_ci;
USE `chickenjoy`;

CREATE TABLE `categories` (
  `id` INT(11) NOT NULL AUTO_INCREMENT,
  `category_code` VARCHAR(20) NOT NULL UNIQUE, 
  `category_name` VARCHAR(255) NOT NULL,      
  `description` TEXT,                       
  `status` ENUM('active', 'hidden') DEFAULT 'active',
  PRIMARY KEY (`id`)
) ENGINE=InnoDB;

CREATE TABLE `users` (
  `id` INT(11) NOT NULL AUTO_INCREMENT,
  `fullname` VARCHAR(255) NOT NULL,
  `email` VARCHAR(191) NOT NULL,
  `password` VARCHAR(255) NOT NULL,
  `phone` VARCHAR(15) NOT NULL,
  `gender` ENUM('nam', 'nu', 'khac') DEFAULT 'khac',
  `address` TEXT NOT NULL,
  `role` ENUM('user', 'admin') DEFAULT 'user',
  `points` INT(11) DEFAULT 0,
  `status` ENUM('active', 'locked') DEFAULT 'active',
  `reset_token` VARCHAR(255) DEFAULT NULL,
  `reset_expired` DATETIME DEFAULT NULL,
  `created_at` TIMESTAMP DEFAULT CURRENT_TIMESTAMP,
  `updated_at` TIMESTAMP NULL ON UPDATE CURRENT_TIMESTAMP,
  PRIMARY KEY (`id`),
  UNIQUE KEY `email` (`email`),
  UNIQUE KEY `phone` (`phone`) -- Thêm unique số điện thoại để chặn trùng
) ENGINE=InnoDB;

CREATE TABLE `import_receipts` (
  `id` INT(11) NOT NULL AUTO_INCREMENT,
  `receipt_code` VARCHAR(20) NOT NULL UNIQUE,  
  `import_date` DATE NOT NULL,
  `total_amount` DECIMAL(15, 2) DEFAULT 0.00,  
  `status` ENUM('pending', 'completed') DEFAULT 'pending',
  PRIMARY KEY (`id`)
) ENGINE=InnoDB;

CREATE TABLE `products` (
  `id` int(11) NOT NULL AUTO_INCREMENT,
  `product_code` varchar(20) UNIQUE DEFAULT NULL,  
  `category_id` int(11) DEFAULT 1,                 
  `product_name` varchar(255) NOT NULL,            
  -- ĐÃ XÓA CỘT CATEGORY DƯ THỪA ĐỂ CHUẨN HÓA DỮ LIỆU
  `description` text DEFAULT NULL,                 
  `unit` varchar(50) NOT NULL DEFAULT 'Phần',      
  `import_price` decimal(15, 2) DEFAULT 0.00,      
  `profit_rate` decimal(5, 2) DEFAULT 0.20,        
  `price` decimal(15, 2) NOT NULL,                 
  `stock` int(11) DEFAULT 0,                       
  `calories` int(11) DEFAULT 0,                    
  `protein` int(11) DEFAULT 0,                     
  `carbs` int(11) DEFAULT 0,                       
  `fat` int(11) DEFAULT 0,                         
  `image` varchar(255) DEFAULT 'default.jpg',      
  `is_new` tinyint(1) DEFAULT 0,                   
  `status` ENUM('active', 'hidden') DEFAULT 'active',
  `created_at` timestamp NOT NULL DEFAULT current_timestamp(),
  PRIMARY KEY (`id`),
  FOREIGN KEY (`category_id`) REFERENCES `categories`(`id`) ON DELETE RESTRICT
) ENGINE=InnoDB;

CREATE TABLE `import_receipt_details` (
  `id` INT(11) NOT NULL AUTO_INCREMENT,
  `receipt_id` INT(11) NOT NULL,               
  `product_id` INT(11) NOT NULL,                
  `quantity` INT(11) NOT NULL,                  
  `import_price` DECIMAL(15, 2) NOT NULL,      
  `subtotal` DECIMAL(15, 2) GENERATED ALWAYS AS (`quantity` * `import_price`) STORED,
  PRIMARY KEY (`id`),
  FOREIGN KEY (`receipt_id`) REFERENCES `import_receipts`(`id`) ON DELETE CASCADE,
  FOREIGN KEY (`product_id`) REFERENCES `products`(`id`) ON DELETE RESTRICT
) ENGINE=InnoDB;

CREATE TABLE `promotions` (
  `id` int(11) NOT NULL AUTO_INCREMENT,
  `code` varchar(50) NOT NULL UNIQUE, -- THÊM UNIQUE KHÓA NGOẠI
  `name` varchar(255) NOT NULL,
  `discount_percent` int(11) NOT NULL,
  `start_date` date NOT NULL,
  `end_date` date NOT NULL,
  `status` varchar(20) DEFAULT 'active',
  PRIMARY KEY (`id`)
) ENGINE=InnoDB;

CREATE TABLE `orders` (
  `id` INT PRIMARY KEY AUTO_INCREMENT,
  `user_id` INT NOT NULL,
  `receiver_name` VARCHAR(255) NOT NULL, 
  `total_price` DECIMAL(15, 2) NOT NULL,
  `discount_amount` DECIMAL(15, 2) DEFAULT 0.00,
  `promo_code` VARCHAR(50) DEFAULT NULL,
  `order_date` DATETIME DEFAULT CURRENT_TIMESTAMP,
  `status` ENUM('pending','confirmed','delivered','cancelled') DEFAULT 'pending',
  `payment_method` ENUM('cod', 'banking', 'online') DEFAULT 'cod',
  `address` TEXT NOT NULL,                
  `ward` VARCHAR(255) DEFAULT NULL,
  `phone` VARCHAR(20) NOT NULL,           
  `order_note` TEXT,                      
  FOREIGN KEY (`user_id`) REFERENCES `users`(`id`),
  FOREIGN KEY (`promo_code`) REFERENCES `promotions`(`code`) ON UPDATE CASCADE ON DELETE SET NULL -- THÊM KHÓA NGOẠI
) ENGINE=InnoDB;

CREATE TABLE `order_details` (
  `id` INT PRIMARY KEY AUTO_INCREMENT,
  `order_id` INT NOT NULL,
  `product_id` INT NOT NULL,
  `quantity` INT NOT NULL,
  `price_at_purchase` DECIMAL(15, 2) NOT NULL,
  FOREIGN KEY (`order_id`) REFERENCES `orders`(`id`) ON DELETE CASCADE, -- THÊM XÓA DÂY CHUYỀN
  FOREIGN KEY (`product_id`) REFERENCES `products`(`id`)
) ENGINE=InnoDB;

CREATE TABLE `cart` (
    `id` INT PRIMARY KEY AUTO_INCREMENT,
    `user_id` INT NOT NULL,
    `product_id` INT NOT NULL,
    `quantity` INT NOT NULL DEFAULT 1,
    `created_at` TIMESTAMP DEFAULT CURRENT_TIMESTAMP,
    FOREIGN KEY (`user_id`) REFERENCES `users`(`id`) ON DELETE CASCADE,
    FOREIGN KEY (`product_id`) REFERENCES `products`(`id`) ON DELETE CASCADE
) ENGINE=InnoDB;

CREATE TABLE `points` (
  `id` int(11) NOT NULL AUTO_INCREMENT,
  `config_key` varchar(50) NOT NULL,
  `config_name` varchar(255) NOT NULL,
  `config_value` int(11) NOT NULL,
  PRIMARY KEY (`id`),
  UNIQUE KEY `config_key` (`config_key`)
) ENGINE=InnoDB;

-- ==========================================
-- THÊM DỮ LIỆU MẪU CỦA TRANG
-- ==========================================

INSERT INTO `categories` (`id`,`category_code`, `category_name`, `status`) VALUES
(1,'L01', 'Gà Rán', 'active'), (2,'L02', 'Burger', 'active'), (3,'L03', 'Combo ăn trưa', 'hidden'),
(4,'L04', 'Mỳ ý', 'active'), (5,'L05', 'Pizza', 'active'), (6,'L06', 'Món ăn kèm', 'active'),
(7,'L07', 'Nước Uống', 'active'), (8,'L08', 'Tráng miệng', 'active');

INSERT INTO `points` (`config_key`, `config_name`, `config_value`) VALUES 
('money_per_point', 'Số tiền để tích 1 điểm (VNĐ)', 10000);

INSERT INTO `promotions` (`code`, `name`, `discount_percent`, `start_date`, `end_date`, `status`) VALUES
('SINHVIEN', 'Ưu đãi dành cho Học sinh Sinh viên', 20, '2026-01-01', '2026-12-31', 'active'),
('FLASH3', 'Flash Sale cuối tháng 3', 25, '2026-03-20', '2026-03-31', 'active'),
('THU5VUI', 'Thứ 5 Vui vẻ - Ăn thả ga', 15, '2026-03-01', '2026-12-31', 'active'),
('HE2026', 'Chào Hè rực rỡ 2026', 10, '2026-04-01', '2026-06-30', 'active'),
('TET2026', 'Vui Tết Nguyên Đán 2026', 20, '2026-02-01', '2026-02-20', 'locked'),
('VALENTINE', 'Lễ Tình nhân ngọt ngào', 15, '2026-02-10', '2026-02-15', 'locked'),
('QUOCTEPHUNU', 'Mừng ngày Quốc tế Phụ Nữ 8/3', 15, '2026-03-01', '2026-03-10', 'locked'),
('NOEL2025', 'Giáng Sinh an lành 2025', 25, '2025-12-20', '2025-12-26', 'locked'),
('BLACKFRIDAY', 'Ngày Thứ Sáu Đen Tối', 30, '2025-11-25', '2025-11-30', 'locked'),
('TRUNGTHU', 'Vui hội Trăng rằm', 10, '2025-09-15', '2025-09-30', 'locked'),
('QUOCKHANH', 'Mừng Lễ Quốc Khánh 2/9', 15, '2025-09-01', '2025-09-05', 'locked'),
('HALLOWEEN', 'Lễ hội Hóa trang', 20, '2025-10-25', '2025-10-31', 'locked'),
('CHAOTANVIEN', 'Chào mừng Hội viên mới', 10, '2025-01-01', '2025-12-31', 'locked'),
('COMBO2', 'Mua 2 tính tiền 1', 50, '2025-05-01', '2025-05-31', 'locked'),
('GARAN19K', 'Gà rán đồng giá 19K', 40, '2025-07-01', '2025-07-07', 'locked'),
('FREESHIP', 'Tuần lễ Miễn phí giao hàng', 15, '2025-08-01', '2025-08-15', 'locked');

INSERT INTO `import_receipts` (`id`, `receipt_code`, `import_date`, `total_amount`, `status`) VALUES
(1, 'PN001', '2025-10-15', 4150000, 'completed'), (2, 'PN002', '2025-10-25', 3200000, 'completed'),
(3, 'PN003', '2025-11-01', 5000000, 'completed'), (4, 'PN004', '2025-11-02', 1505000, 'completed'),
(5, 'PN005', '2025-11-10', 4600000, 'completed'), (6, 'PN006', '2025-11-15', 3300000, 'completed'),
(7, 'PN007', '2025-11-20', 4000000, 'completed'), (8, 'PN008', '2025-11-25', 3200000, 'completed'),
(9, 'PN009', '2025-12-01', 3800000, 'completed'), (10, 'PN010', '2025-12-05', 3000000, 'completed'),
(11, 'PN011', '2025-12-10', 6500000, 'completed'), (12, 'PN012', '2025-12-15', 3100000, 'completed'),
(13, 'PN013', '2025-12-20', 3500000, 'completed'), (14, 'PN014', '2025-12-25', 2500000, 'completed'),
(15, 'PN015', '2026-01-05', 4800000, 'completed'), (16, 'PN016', '2026-01-15', 2700000, 'completed'), 
(17, 'PN017', '2026-02-02', 5400000, 'completed'), (18, 'PN018', '2026-02-20', 7500000, 'completed'), 
(19, 'PN019', '2026-03-01', 5600000, 'completed'), (20, 'PN020', '2026-03-10', 3500000, 'pending');

-- ĐÃ XÓA GIÁ TRỊ STRING THỪA CỦA CỘT CATEGORY
INSERT INTO `products` (`id`, `product_code`, `category_id`, `product_name`, `description`, `unit`, `import_price`, `profit_rate`, `price`, `stock`, `calories`, `protein`, `carbs`, `fat`, `image`, `is_new`, `status`) VALUES
(1, 'SP001', 1, 'Gà rán giòn tan', 'Gà được tẩm ướp vị đặc biệt, chiên giòn vàng ươm', 'Miếng', 50000, 0.78, 89000, 50, 320, 25, 12, 18, 'ga-ran-4.jpg', 1, 'active'),
(2, 'SP002', 1, 'Gà rán Hàn Quốc', 'Gà rán theo cách Hàn Quốc với sốt đặc trưng', 'Phần', 70000, 0.70, 119000, 30, 350, 23, 15, 20, 'ga-ran-2.jpg', 1, 'active'),
(3, 'SP003', 1, 'Đùi gà giòn', 'Đùi gà giòn tan, thịt bên trong mọng nước', 'Miếng', 50000, 0.78, 89000, 40, 280, 20, 10, 15, 'ga-ran-3.jpg', 0, 'active'),
(4, 'SP004', 1, 'Combo gia đình', '8 miếng gà rán đủ loại cho cả gia đình', 'Phần', 200000, 0.49, 299000, 2, 1200, 80, 45, 60, 'ga-ran-1.jpg', 0, 'active'),
(5, 'SP005', 1, 'Cánh gà rán giòn', 'Cánh gà siêu to khổng lồ giòn rụm', 'Miếng', 25000, 0.80, 45000, 60, 210, 15, 8, 12, 'canhga.png', 0, 'active'),
(6, 'SP007', 2, 'Hamburger Gà Giòn', 'Nhân gà chiên xù xốt Mayonnaise', 'Cái', 30000, 0.83, 55000, 25, 420, 20, 38, 18, 'hamburgerga.png', 0, 'active'),
(7, 'SP008', 2, 'Double Burger', 'Hai lớp nhân thịt bò cực đã cho người cực đói', 'Cái', 50000, 0.90, 95000, 0, 680, 40, 42, 35, 'hamburgerthit.png', 1, 'active'),
(8, 'SP009', 4, 'Mì Ý sốt bò bằm', 'Mì Ý truyền thống đậm vị Ý, mê ly', 'Phần', 40000, 0.72, 69000, 20, 550, 18, 70, 12, 'miybobam.png', 0, 'active'),
(9, 'SP011', 4, 'Mì Ý sốt kem', 'Vị béo ngậy của kem tươi và nấm', 'Phần', 45000, 0.66, 75000, 3, 620, 15, 60, 30, 'mi-y-2.png', 0, 'active'),
(10, 'SP012', 6, 'Khoai tây chiên', 'Giòn lâu, vui lâu - món ăn kèm tuyệt vời', 'Phần', 20000, 1.00, 40000, 100, 312, 3, 41, 15, 'khoai-tay-2.jpg', 0, 'active'),
(11, 'SP013', 6, 'Khoai tây lắc phô mai', 'Khoai tây vàng giòn lắc bột phô mai đặc biệt', 'Phần', 25000, 0.80, 45000, 80, 350, 4, 43, 17, 'khoai-tay-1.jpg', 0, 'active'),
(12, 'SP015', 7, 'Coca Cola mát lạnh', 'Nước giải khát có gas cực đã', 'Ly', 8000, 0.87, 15000, 200, 140, 0, 39, 0, 'coca.png', 0, 'active'),
(13, 'SP016', 7, 'Trà đào miếng', 'Trà thanh mát kèm miếng đào thơm giòn', 'Ly', 15000, 1.00, 30000, 45, 130, 0, 32, 0, 'Tradao.png', 0, 'active'),
(14, 'SP018', 2, 'Hamburger Tôm', 'Nhân tôm tươi giòn rụm, xốt đặc biệt', 'Cái', 40000, 0.62, 65000, 4, 380, 18, 40, 15, 'burgertom.png', 1, 'active'),
(15, 'SP019', 4, 'Mì Ý xốt xúc xích', 'Dành cho các bạn nhỏ với xúc xích đức', 'Phần', 25000, 0.80, 45000, 22, 400, 12, 55, 10, 'miyxucxich.png', 0, 'active'),
(16, 'SP020', 6, 'Khoai tây múi cau', 'Khoai tây cắt múi cau lạ mắt, giòn tan', 'Phần', 20000, 0.75, 35000, 50, 310, 3, 40, 14, 'khoaitaymuicau.png', 0, 'active'),
(17, 'SP006', 2, 'Hamburger Bò Phô Mai', 'Nhân thịt bò Úc nướng và phô Mai tan chảy', 'Cái', 45000, 0.75, 79000, 20, 450, 22, 35, 25, 'hamburger-2.jpg', 0, 'active'),
(18, 'SP010', 4, 'Mì Ý hải sản', 'Xốt cà chua và hải sản tươi ngon', 'Phần', 60000, 0.65, 99000, 0, 500, 20, 65, 10, 'mi-y-1.jpg', 1, 'active'),
(19, 'SP014', 7, 'Nước nha đam', 'Nước nha đam lạnh sảng khoái, ít đường', 'Ly', 20000, 0.75, 35000, 40, 120, 0, 30, 0, 'nuoc-.uong.jpg', 0, 'active'),
(20, 'SP017', 1, 'Gà rán cay nồng', 'Vị cay cực hạn cho tín đồ ăn cay', 'Miếng', 25000, 0.68, 42000, 0, 330, 24, 13, 19, 'ga-ran-cay.jpg', 0, 'active'),
(21, 'SP021', 7, 'Pepsi', 'Nước giải khát phổ biến toàn thế giới', 'Ly', 8000, 0.87, 15000, 150, 140, 0, 39, 0, 'pepsi.png', 0, 'active'),
(22, 'SP022', 7, 'Trà sữa Chicken Joy', 'Trà sữa trân châu đậm vị, béo ngậy', 'Ly', 20000, 0.75, 35000, 30, 250, 2, 45, 8, 'trasua.png', 1, 'active');

INSERT INTO `import_receipt_details` (`receipt_id`, `product_id`, `quantity`, `import_price`) VALUES
(1, 1, 50, 50000.00), (1, 6, 20, 45000.00), (1, 12, 30, 20000.00), (1, 16, 10, 15000.00),
(2, 2, 30, 70000.00), (2, 8, 10, 50000.00), (2, 14, 30, 20000.00),
(3, 4, 15, 200000.00), (3, 3, 20, 50000.00), (3, 9, 25, 40000.00),
(4, 1, 20, 45000.00), (4, 3, 15, 40333.33),
(5, 1, 50, 50000.00), (5, 2, 30, 70000.00),  
(6, 6, 40, 45000.00), (6, 7, 50, 30000.00),  
(7, 12, 100, 20000.00), (7, 13, 80, 25000.00), 
(8, 15, 200, 8000.00), (8, 21, 200, 8000.00), 
(9, 9, 50, 40000.00), (9, 11, 40, 45000.00), 
(10, 3, 60, 50000.00), 
(11, 4, 20, 200000.00), (11, 5, 100, 25000.00),
(12, 8, 30, 50000.00), (12, 18, 40, 40000.00),
(13, 14, 100, 20000.00), (13, 16, 100, 15000.00),
(14, 17, 50, 25000.00), (14, 19, 50, 25000.00), 
(15, 1, 60, 50000.00), (15, 6, 40, 45000.00),  
(16, 10, 30, 60000.00), (16, 11, 20, 45000.00), 
(17, 12, 150, 20000.00), (17, 21, 300, 8000.00), 
(18, 4, 25, 200000.00), (18, 17, 100, 25000.00),
(19, 2, 40, 70000.00), (19, 18, 50, 40000.00), (19, 15, 100, 8000.00), 
(20, 5, 100, 25000.00), (20, 20, 50, 20000.00);

INSERT INTO `users` (`fullname`, `email`, `password`, `phone`, `gender`, `address`, `role`, `points`, `status`) VALUES
('admin', 'admin@jollibee.vn', '$2y$10$O5//LcLZtNCkVhygy9ccpO9pN4asmyGZOlXs4l.FBqdxaL5dLYs3e', '0999999991', 'nam', 'Trụ sở chính', 'admin', 0, 'active'),
('manager A', 'manager1@chickenjoy.vn', '$2y$10$92IXUNpkjO0rOQ5byMi.Ye4oKoEa3Ro9llC/.og/at2.uheWG/igi', '0999999992', 'nu', 'Chi nhánh 2', 'admin', 0, 'active'),
('manager B', 'manager2@chickenjoy.vn', '$2y$10$TKh8H1.PfQx37YgCzwiKb.KjNyWgaHb9cbcoQgdIVFlYg7B77UdFm', '0999999993', 'nu', 'Chi nhánh 3', 'admin', 0, 'active'),
('Nguyễn Văn An', 'vana@gmail.com', 'annguyen99', '0903456789', 'nam', '123 Đường ABC, Hà Nội', 'user', 20, 'active'),
('Trần Thị Bình', 'thib@gmail.com', 'binhtt_02', '0778123456', 'nu', '456 Đường DEF, HCM', 'user', 43, 'locked'),
('Lê Minh Cường', 'minhc@gmail.com', 'cuonglm_2001', '0369987654', 'nam', '789 Đường GHI, Đà Nẵng', 'user', 71, 'active'),
('Phạm Thị Duyên', 'phamd@gmail.com', 'duyenpham123', '0912345671', 'nu', '120 Võ Văn Ngân, Thủ Đức', 'user', 150, 'active'),
('Hoàng Văn Em', 'hoange@gmail.com', 'emvahoang2k2', '0912345672', 'nam', '45 Lê Văn Việt, Quận 9', 'user', 50, 'active'),
('Đinh Tuấn Phong', 'tuanp@gmail.com', 'phongdt.04', '0912345673', 'nam', '789 Nguyễn Đình Chiểu, Q3', 'user', 0, 'active'),
('Ngô Bạch Giai', 'bachg@gmail.com', 'giaingobach', '0912345674', 'nam', '321 Lũy Bán Bích, Tân Phú', 'user', 200, 'active'),
('Vũ Thị Hoa', 'vuh@gmail.com', 'hoavu_1998', '0912345675', 'nu', '654 Quang Trung, Gò Vấp', 'user', 75, 'active'),
('Bùi Kim Inh', 'kimi@gmail.com', 'kiminh112', '0912345676', 'nu', '987 Phạm Văn Đồng', 'user', 300, 'locked'),
('Lý Cường J', 'cuongj@gmail.com', 'cuongj_vt', '0912345677', 'nam', '147 Hậu Giang, Quận 6', 'user', 20, 'active'),
('Tô Ngọc Khánh', 'ngock@gmail.com', 'khanhtn_03', '0912345678', 'nu', '258 Nguyễn Văn Linh, Q7', 'user', 120, 'active'),
('Hồ Trọng Lâm', 'trongl@gmail.com', 'lamht2002', '0912345679', 'nam', '369 Tôn Đức Thắng, Q1', 'user', 500, 'active'),
('Châu Mỹ Mẫn', 'mym@gmail.com', 'myman.chau', '0912345680', 'nu', '741 Lê Đại Hành, Q11', 'user', 45, 'active'),
('Đặng Nam N', 'namn@gmail.com', 'namdang.1999', '0912345681', 'nam', '852 Ba Tháng Hai, Q10', 'user', 90, 'active'),
('Phan Thúy Oanh', 'thuyo@gmail.com', 'oanhpt.2k4', '0912345682', 'nu', '963 Trần Hưng Đạo, Q5', 'user', 10, 'active'),
('Dương Long Phát', 'longp@gmail.com', 'phatdl_05', '0912345683', 'nam', '159 NTMK, Quận 1', 'user', 0, 'locked'),
('Tống Quỳnh Q', 'quynhq@gmail.com', 'quynhtq_12', '0912345684', 'nu', '753 Điện Biên Phủ', 'user', 350, 'active'),
('Trịnh Duy R', 'duyr@gmail.com', 'rtrinhduy', '0912345685', 'nam', '951 Pasteur, Quận 3', 'user', 80, 'active'),
('Đào Ly Sương', 'lys@gmail.com', 'suongdl.22', '0912345686', 'nu', '357 An Dương Vương', 'user', 210, 'active'),
('Mai Tuấn Tú', 'tuant@gmail.com', 'tutu.mai', '0912345687', 'nam', '456 Kinh Dương Vương', 'user', 60, 'active'),
('Thái Lan W', 'lanw@gmail.com', 'lanw.thai', '0912345690', 'nu', '321 Trường Chinh, Tân Bình', 'user', 25, 'active');

INSERT INTO `orders` (`id`, `user_id`, `receiver_name`, `total_price`, `discount_amount`, `promo_code`, `order_date`, `status`, `payment_method`, `address`, `ward`, `phone`, `order_note`) VALUES
(1, 10, 'Ngô Bạch Giai', 88000, 22000, 'SINHVIEN', '2026-01-29 11:27:32', 'delivered', 'cod', '321 Lũy Bán Bích', 'Phường Hòa Thạnh', '0912345674', NULL),
(2, 9, 'Đinh Tuấn Phong', 239200, 59800, 'SINHVIEN', '2026-01-30 09:20:30', 'delivered', 'cod', '789 Nguyễn Đình Chiểu', 'Phường 6', '0912345673', NULL),
(3, 4, 'Nguyễn Văn An', 79200, 19800, 'SINHVIEN', '2026-01-30 19:26:01', 'delivered', 'online', '123 Đường ABC', 'Phường 1', '0903456789', NULL),
(4, 5, 'Trần Thị Bình', 146400, 36600, 'SINHVIEN', '2026-01-31 09:07:37', 'delivered', 'online', '456 Đường DEF', 'Phường 5', '0778123456', NULL),
(5, 7, 'Phạm Thị Duyên', 239200, 59800, 'SINHVIEN', '2026-02-01 12:20:11', 'delivered', 'online', '120 Võ Văn Ngân', 'Phường Bình Thọ', '0912345671', NULL),
(6, 11, 'Vũ Thị Hoa', 239200, 59800, 'SINHVIEN', '2026-02-01 21:04:13', 'cancelled', 'online', '654 Quang Trung', 'Phường 11', '0912345675', 'Gọi không nghe máy'),
(7, 12, 'Bùi Kim Inh', 146400, 36600, 'SINHVIEN', '2026-02-02 20:36:20', 'delivered', 'banking', '987 Phạm Văn Đồng', 'Phường 3', '0912345676', NULL),
(8, 10, 'Ngô Bạch Giai', 248000, 0, NULL, '2026-02-03 14:15:52', 'cancelled', 'banking', '321 Lũy Bán Bích', 'Phường Hòa Thạnh', '0912345674', 'Khách đổi ý không mua nữa'),
(9, 6, 'Lê Minh Cường', 79200, 19800, 'SINHVIEN', '2026-02-03 18:23:42', 'delivered', 'cod', '789 Đường GHI', 'Phường 7', '0369987654', NULL),
(10, 4, 'Nguyễn Văn An', 198400, 49600, 'SINHVIEN', '2026-02-04 15:47:33', 'delivered', 'banking', '123 Đường ABC', 'Phường 1', '0903456789', NULL),
(11, 10, 'Ngô Bạch Giai', 248000, 0, NULL, '2026-02-04 20:25:21', 'delivered', 'banking', '321 Lũy Bán Bích', 'Phường Hòa Thạnh', '0912345674', NULL),
(12, 10, 'Ngô Bạch Giai', 155200, 38800, 'SINHVIEN', '2026-02-05 18:25:31', 'delivered', 'online', '321 Lũy Bán Bích', 'Phường Hòa Thạnh', '0912345674', NULL),
(13, 11, 'Vũ Thị Hoa', 387200, 96800, 'SINHVIEN', '2026-02-06 09:12:47', 'delivered', 'banking', '654 Quang Trung', 'Phường 11', '0912345675', NULL),
(14, 10, 'Ngô Bạch Giai', 239200, 59800, 'SINHVIEN', '2026-02-06 20:13:30', 'delivered', 'banking', '321 Lũy Bán Bích', 'Phường Hòa Thạnh', '0912345674', NULL),
(15, 6, 'Lê Minh Cường', 248000, 0, NULL, '2026-02-07 19:04:12', 'delivered', 'cod', '789 Đường GHI', 'Phường 7', '0369987654', NULL),
(16, 7, 'Phạm Thị Duyên', 155200, 38800, 'SINHVIEN', '2026-02-08 09:37:05', 'delivered', 'banking', '120 Võ Văn Ngân', 'Phường Bình Thọ', '0912345671', NULL),
(17, 8, 'Hoàng Văn Em', 387200, 96800, 'SINHVIEN', '2026-02-09 13:00:27', 'delivered', 'cod', '45 Lê Văn Việt', 'Phường Hiệp Phú', '0912345672', NULL),
(18, 6, 'Lê Minh Cường', 239200, 59800, 'SINHVIEN', '2026-02-09 17:47:20', 'delivered', 'banking', '789 Đường GHI', 'Phường 7', '0369987654', NULL),
(19, 4, 'Nguyễn Văn An', 79200, 19800, 'SINHVIEN', '2026-02-10 20:30:26', 'delivered', 'cod', '123 Đường ABC', 'Phường 1', '0903456789', NULL),
(20, 9, 'Đinh Tuấn Phong', 239200, 59800, 'SINHVIEN', '2026-02-11 10:29:43', 'cancelled', 'cod', '789 Nguyễn Đình Chiểu', 'Phường 6', '0912345673', 'Khách báo bận không nhận được'),
(21, 9, 'Đinh Tuấn Phong', 64000, 16000, 'SINHVIEN', '2026-02-11 11:22:20', 'delivered', 'banking', '789 Nguyễn Đình Chiểu', 'Phường 6', '0912345673', NULL),
(22, 9, 'Đinh Tuấn Phong', 146400, 36600, 'SINHVIEN', '2026-02-12 21:55:04', 'delivered', 'cod', '789 Nguyễn Đình Chiểu', 'Phường 6', '0912345673', NULL),
(23, 7, 'Phạm Thị Duyên', 110000, 0, NULL, '2026-02-13 14:03:00', 'delivered', 'banking', '120 Võ Văn Ngân', 'Phường Bình Thọ', '0912345671', NULL),
(24, 7, 'Phạm Thị Duyên', 79200, 19800, 'SINHVIEN', '2026-02-14 12:47:04', 'delivered', 'online', '120 Võ Văn Ngân', 'Phường Bình Thọ', '0912345671', NULL),
(25, 4, 'Nguyễn Văn An', 198400, 49600, 'SINHVIEN', '2026-02-15 15:47:04', 'delivered', 'banking', '123 Đường ABC', 'Phường 1', '0903456789', NULL),
(26, 9, 'Đinh Tuấn Phong', 198400, 49600, 'SINHVIEN', '2026-02-16 11:03:09', 'delivered', 'banking', '789 Nguyễn Đình Chiểu', 'Phường 6', '0912345673', NULL),
(27, 4, 'Nguyễn Văn An', 88000, 22000, 'SINHVIEN', '2026-02-17 13:58:36', 'delivered', 'banking', '123 Đường ABC', 'Phường 1', '0903456789', NULL),
(28, 4, 'Nguyễn Văn An', 248000, 0, NULL, '2026-02-17 15:52:16', 'delivered', 'banking', '123 Đường ABC', 'Phường 1', '0903456789', NULL),
(29, 6, 'Lê Minh Cường', 79200, 19800, 'SINHVIEN', '2026-02-18 10:20:41', 'delivered', 'cod', '789 Đường GHI', 'Phường 7', '0369987654', NULL),
(30, 4, 'Nguyễn Văn An', 239200, 59800, 'SINHVIEN', '2026-02-19 12:51:30', 'delivered', 'banking', '123 Đường ABC', 'Phường 1', '0903456789', NULL),
(31, 8, 'Hoàng Văn Em', 387200, 96800, 'SINHVIEN', '2026-02-20 18:31:05', 'delivered', 'cod', '45 Lê Văn Việt', 'Phường Hiệp Phú', '0912345672', NULL),
(32, 10, 'Ngô Bạch Giai', 248000, 0, NULL, '2026-02-21 10:55:01', 'delivered', 'banking', '321 Lũy Bán Bích', 'Phường Hòa Thạnh', '0912345674', NULL),
(33, 4, 'Nguyễn Văn An', 79200, 19800, 'SINHVIEN', '2026-02-22 17:34:04', 'delivered', 'online', '123 Đường ABC', 'Phường 1', '0903456789', NULL),
(34, 11, 'Vũ Thị Hoa', 239200, 59800, 'SINHVIEN', '2026-02-23 09:23:48', 'delivered', 'cod', '654 Quang Trung', 'Phường 11', '0912345675', NULL),
(35, 12, 'Bùi Kim Inh', 146400, 36600, 'SINHVIEN', '2026-02-23 20:30:19', 'cancelled', 'cod', '987 Phạm Văn Đồng', 'Phường 3', '0912345676', 'Khách đổi ý không mua nữa'),
(36, 12, 'Bùi Kim Inh', 239200, 59800, 'SINHVIEN', '2026-02-24 16:51:50', 'delivered', 'online', '987 Phạm Văn Đồng', 'Phường 3', '0912345676', NULL),
(37, 7, 'Phạm Thị Duyên', 79200, 19800, 'SINHVIEN', '2026-02-25 15:46:17', 'delivered', 'banking', '120 Võ Văn Ngân', 'Phường Bình Thọ', '0912345671', NULL),
(38, 9, 'Đinh Tuấn Phong', 248000, 0, NULL, '2026-02-26 19:22:23', 'cancelled', 'online', '789 Nguyễn Đình Chiểu', 'Phường 6', '0912345673', 'Khách đổi ý không mua nữa'),
(39, 11, 'Vũ Thị Hoa', 79200, 19800, 'SINHVIEN', '2026-02-27 09:47:34', 'delivered', 'banking', '654 Quang Trung', 'Phường 11', '0912345675', NULL),
(40, 5, 'Trần Thị Bình', 79200, 19800, 'SINHVIEN', '2026-02-28 17:15:30', 'delivered', 'online', '456 Đường DEF', 'Phường 5', '0778123456', NULL),
(41, 10, 'Ngô Bạch Giai', 248000, 0, NULL, '2026-03-01 10:12:44', 'delivered', 'banking', '321 Lũy Bán Bích', 'Phường Hòa Thạnh', '0912345674', NULL),
(42, 6, 'Lê Minh Cường', 254150, 44850, 'THU5VUI', '2026-03-02 21:51:24', 'delivered', 'banking', '789 Đường GHI', 'Phường 7', '0369987654', NULL),
(43, 8, 'Hoàng Văn Em', 254150, 44850, 'THU5VUI', '2026-03-03 16:47:50', 'delivered', 'online', '45 Lê Văn Việt', 'Phường Hiệp Phú', '0912345672', NULL),
(44, 4, 'Nguyễn Văn An', 210800, 37200, 'THU5VUI', '2026-03-04 18:31:07', 'delivered', 'cod', '123 Đường ABC', 'Phường 1', '0903456789', NULL),
(45, 10, 'Ngô Bạch Giai', 155550, 27450, 'THU5VUI', '2026-03-05 21:38:09', 'delivered', 'cod', '321 Lũy Bán Bích', 'Phường Hòa Thạnh', '0912345674', NULL),
(46, 5, 'Trần Thị Bình', 329120, 58080, 'THU5VUI', '2026-03-06 18:39:27', 'delivered', 'banking', '456 Đường DEF', 'Phường 5', '0778123456', NULL),
(47, 5, 'Trần Thị Bình', 110000, 0, NULL, '2026-03-06 20:33:57', 'delivered', 'online', '456 Đường DEF', 'Phường 5', '0778123456', NULL),
(48, 6, 'Lê Minh Cường', 68000, 12000, 'THU5VUI', '2026-03-07 19:40:07', 'delivered', 'online', '789 Đường GHI', 'Phường 7', '0369987654', NULL),
(49, 10, 'Ngô Bạch Giai', 93500, 16500, 'THU5VUI', '2026-03-08 17:39:13', 'cancelled', 'banking', '321 Lũy Bán Bích', 'Phường Hòa Thạnh', '0912345674', 'Shipper không liên lạc được'),
(50, 4, 'Nguyễn Văn An', 198400, 49600, 'SINHVIEN', '2026-03-09 10:14:09', 'delivered', 'online', '123 Đường ABC', 'Phường 1', '0903456789', NULL),
(51, 8, 'Hoàng Văn Em', 329120, 58080, 'THU5VUI', '2026-03-10 14:02:18', 'delivered', 'banking', '45 Lê Văn Việt', 'Phường Hiệp Phú', '0912345672', NULL),
(52, 9, 'Đinh Tuấn Phong', 93500, 16500, 'THU5VUI', '2026-03-11 11:21:40', 'delivered', 'banking', '789 Nguyễn Đình Chiểu', 'Phường 6', '0912345673', NULL),
(53, 10, 'Ngô Bạch Giai', 210800, 37200, 'THU5VUI', '2026-03-12 21:04:19', 'delivered', 'online', '321 Lũy Bán Bích', 'Phường Hòa Thạnh', '0912345674', NULL),
(54, 7, 'Phạm Thị Duyên', 110000, 0, NULL, '2026-03-13 14:52:05', 'delivered', 'banking', '120 Võ Văn Ngân', 'Phường Bình Thọ', '0912345671', NULL),
(55, 6, 'Lê Minh Cường', 68000, 12000, 'THU5VUI', '2026-03-14 17:09:59', 'delivered', 'online', '789 Đường GHI', 'Phường 7', '0369987654', NULL),
(56, 5, 'Trần Thị Bình', 155550, 27450, 'THU5VUI', '2026-03-15 15:52:12', 'delivered', 'online', '456 Đường DEF', 'Phường 5', '0778123456', NULL),
(57, 5, 'Trần Thị Bình', 110000, 0, NULL, '2026-03-16 11:32:09', 'delivered', 'online', '456 Đường DEF', 'Phường 5', '0778123456', NULL),
(58, 8, 'Hoàng Văn Em', 254150, 44850, 'THU5VUI', '2026-03-17 19:40:02', 'delivered', 'online', '45 Lê Văn Việt', 'Phường Hiệp Phú', '0912345672', NULL),
(59, 10, 'Ngô Bạch Giai', 198400, 49600, 'SINHVIEN', '2026-03-18 17:34:02', 'delivered', 'cod', '321 Lũy Bán Bích', 'Phường Hòa Thạnh', '0912345674', NULL),
(60, 4, 'Nguyễn Văn An', 210800, 37200, 'THU5VUI', '2026-03-19 16:32:45', 'delivered', 'banking', '123 Đường ABC', 'Phường 1', '0903456789', NULL),
(61, 5, 'Trần Thị Bình', 82500, 27500, 'FLASH3', '2026-03-20 20:00:23', 'delivered', 'online', '456 Đường DEF', 'Phường 5', '0778123456', NULL),
(62, 5, 'Trần Thị Bình', 363000, 121000, 'FLASH3', '2026-03-21 16:03:52', 'delivered', 'cod', '456 Đường DEF', 'Phường 5', '0778123456', NULL),
(63, 12, 'Bùi Kim Inh', 144750, 48250, 'FLASH3', '2026-03-22 21:03:42', 'cancelled', 'banking', '987 Phạm Văn Đồng', 'Phường 3', '0912345676', 'Sai địa chỉ giao hàng'),
(64, 12, 'Bùi Kim Inh', 144750, 48250, 'FLASH3', '2026-03-22 21:05:31', 'delivered', 'banking', '987 Phạm Văn Đồng', 'Phường 3', '0912345676', NULL),
(65, 4, 'Nguyễn Văn An', 74250, 24750, 'FLASH3', '2026-03-23 14:14:48', 'delivered', 'cod', '123 Đường ABC', 'Phường 1', '0903456789', NULL),
(66, 8, 'Hoàng Văn Em', 110000, 0, NULL, '2026-03-24 09:37:37', 'delivered', 'banking', '45 Lê Văn Việt', 'Phường Hiệp Phú', '0912345672', NULL),
(67, 6, 'Lê Minh Cường', 68000, 12000, 'THU5VUI', '2026-03-24 16:53:23', 'delivered', 'cod', '789 Đường GHI', 'Phường 7', '0369987654', NULL),
(68, 8, 'Hoàng Văn Em', 363000, 121000, 'FLASH3', '2026-03-24 19:42:07', 'delivered', 'online', '45 Lê Văn Việt', 'Phường Hiệp Phú', '0912345672', NULL),
(69, 6, 'Lê Minh Cường', 74250, 24750, 'FLASH3', '2026-03-25 10:28:49', 'delivered', 'banking', '789 Đường GHI', 'Phường 7', '0369987654', NULL),
(70, 12, 'Bùi Kim Inh', 299000, 0, NULL, '2026-03-25 14:10:48', 'confirmed', 'cod', '987 Phạm Văn Đồng', 'Phường 3', '0912345676', NULL),
(71, 6, 'Lê Minh Cường', 84150, 14850, 'THU5VUI', '2026-03-25 14:57:24', 'pending', 'cod', '789 Đường GHI', 'Phường 7', '0369987654', NULL),
(72, 9, 'Đinh Tuấn Phong', 210800, 37200, NULL, '2026-03-25 21:56:59', 'cancelled', 'cod', '789 Nguyễn Đình Chiểu', 'Phường 6', '0912345673', 'KHách quên sử dụng mã khuyến mãi'),
(73, 9, 'Đinh Tuấn Phong', 210800, 37200, 'THU5VUI', '2026-03-25 21:56:59', 'pending', 'cod', '789 Nguyễn Đình Chiểu', 'Phường 6', '0912345673', NULL);

INSERT INTO `order_details` (`order_id`, `product_id`, `quantity`, `price_at_purchase`) VALUES
(1, 14, 1, 65000),
(1, 12, 1, 15000),
(2, 4, 1, 299000),
(3, 9, 1, 75000),
(3, 19, 1, 35000),
(4, 18, 1, 99000),
(5, 4, 1, 299000),
(6, 4, 1, 299000),
(7, 18, 1, 99000),
(8, 4, 1, 299000),
(9, 9, 1, 75000),
(9, 19, 1, 35000),
(10, 3, 2, 89000),
(10, 22, 2, 35000),
(11, 4, 1, 299000),
(12, 2, 1, 119000),
(12, 11, 1, 45000),
(12, 13, 1, 30000),
(13, 4, 1, 299000),
(13, 10, 2, 40000),
(13, 11, 1, 45000),
(13, 12, 4, 15000),
(14, 4, 1, 299000),
(15, 4, 1, 299000),
(16, 2, 1, 119000),
(16, 11, 1, 45000),
(16, 13, 1, 30000),
(17, 4, 1, 299000),
(17, 10, 2, 40000),
(17, 11, 1, 45000),
(17, 12, 4, 15000),
(18, 4, 1, 299000),
(19, 9, 1, 75000),
(19, 19, 1, 35000),
(20, 4, 1, 299000),
(21, 3, 2, 89000),
(21, 22, 2, 35000),
(22, 14, 1, 65000),
(22, 12, 1, 15000),
(23, 4, 1, 299000),
(24, 9, 1, 75000),
(24, 19, 1, 35000),
(25, 9, 1, 75000),
(25, 19, 1, 35000),
(26, 3, 2, 89000),
(26, 22, 2, 35000),
(27, 1, 2, 89000),
(27, 10, 1, 40000),
(27, 12, 2, 15000),
(28, 4, 1, 299000),
(29, 9, 1, 75000),
(29, 19, 1, 35000),
(30, 4, 1, 299000),
(31, 4, 1, 299000),
(31, 10, 2, 40000),
(31, 11, 1, 45000),
(31, 12, 4, 15000),
(32, 4, 1, 299000),
(33, 9, 1, 75000),
(33, 19, 1, 35000),
(34, 4, 1, 299000),
(35, 18, 1, 99000),
(36, 4, 1, 299000),
(37, 9, 1, 75000),
(37, 19, 1, 35000),
(38, 4, 1, 299000),
(39, 9, 1, 75000),
(39, 19, 1, 35000),
(40, 9, 1, 75000),
(40, 19, 1, 35000),
(41, 4, 1, 299000),
(42, 4, 1, 299000),
(43, 4, 1, 299000),
(44, 3, 2, 89000),
(44, 22, 2, 35000),
(45, 2, 1, 119000),
(45, 11, 1, 45000),
(45, 13, 1, 30000),
(46, 4, 1, 299000),
(46, 10, 2, 40000),
(46, 11, 1, 45000),
(46, 12, 4, 15000),
(47, 9, 1, 75000),
(47, 19, 1, 35000),
(48, 14, 1, 65000),
(48, 12, 1, 15000),
(49, 1, 2, 89000),
(49, 10, 1, 40000),
(49, 12, 2, 15000),
(50, 3, 2, 89000),
(50, 22, 2, 35000),
(51, 4, 1, 299000),
(51, 10, 2, 40000),
(51, 11, 1, 45000),
(51, 12, 4, 15000),
(52, 4, 1, 299000),
(52, 10, 2, 40000),
(52, 11, 1, 45000),
(52, 12, 4, 15000),
(53, 2, 1, 119000),
(53, 11, 1, 45000),
(53, 13, 1, 30000),
(54, 14, 1, 65000),
(54, 12, 1, 15000),
(55, 3, 2, 89000),
(55, 22, 2, 35000),
(56, 3, 2, 89000),
(56, 22, 2, 35000),
(57, 9, 1, 75000),
(57, 19, 1, 35000),
(58, 3, 2, 89000),
(58, 22, 2, 35000),
(59, 18, 1, 99000),
(60, 3, 2, 89000),
(60, 22, 2, 35000),
(61, 1, 2, 89000),
(61, 10, 1, 40000),
(61, 12, 2, 15000),
(62, 4, 1, 299000),
(62, 10, 2, 40000),
(62, 11, 1, 45000),
(62, 12, 4, 15000),
(63, 2, 1, 119000),
(63, 11, 1, 45000),
(63, 13, 1, 30000),
(64, 2, 1, 119000),
(64, 11, 1, 45000),
(64, 13, 1, 30000),
(65, 9, 1, 75000),
(65, 19, 1, 35000),
(66, 1, 2, 89000),
(66, 10, 1, 40000),
(66, 12, 2, 15000),
(67, 14, 1, 65000),
(67, 12, 1, 15000),
(68, 4, 1, 299000),
(68, 10, 2, 40000),
(68, 11, 1, 45000),
(68, 12, 4, 15000),
(69, 9, 1, 75000),
(69, 19, 1, 35000),
(70, 4, 1, 299000),
(71, 1, 2, 89000),
(71, 10, 1, 40000),
(71, 12, 2, 15000),
(72, 3, 2, 89000),
(72, 22, 2, 35000),
(73, 3, 2, 89000),
(73, 22, 2, 35000);

INSERT INTO `cart` (`user_id`, `product_id`, `quantity`) VALUES
(4, 1, 2), (4, 12, 1), (4, 10, 1), 
(6, 4, 1), (6, 21, 2),             
(7, 9, 1), (7, 13, 1),             
(8, 7, 2), (8, 10, 2),             
(1, 2, 1), (1, 12, 1);